Date,Forecasted Sales
2023-11-01,1026.3460902823417
2023-11-02,1016.3793395139746
2023-11-03,1585.1622392665572
2023-11-04,1634.0948340420748
2023-11-05,1614.5322998941563
2023-11-06,1097.6964341112662
2023-11-07,1068.9781439183544
2023-11-08,1086.6291650114417
2023-11-09,1082.8702091518385
2023-11-10,1656.8766102559955
2023-11-11,1709.9103753962352
2023-11-12,1693.2115989984406
2023-11-13,1177.913647705452
2023-11-14,1149.3487307722326
2023-11-15,1165.7419890126357
2023-11-16,1159.3212216946222
2023-11-17,1729.3032614237425
2023-11-18,1777.0258665334964
2023-11-19,1753.83807602483
2023-11-20,1231.0134458691102
2023-11-21,1194.0528172475274
2023-11-22,1201.3748093243414
2023-11-23,1185.42123797975
2023-11-24,1745.6385730488994
2023-11-25,1783.604423967795
2023-11-26,1750.9121341243851
2023-11-27,1219.0780491856262
2023-11-28,1173.838263859149
2023-11-29,1173.8331968250666
2023-11-30,1151.707351399179
2023-12-01,1707.0855253843167
2023-12-02,1741.6946015172355
2023-12-03,1707.2441269867866
2023-12-04,1175.330358587196
2023-12-05,1131.7306692151155
2023-12-06,1135.086733973352
2023-12-07,1118.00389736828
2023-12-08,1680.0280028724665
2023-12-09,1722.7688074465473
2023-12-10,1697.7831540450074
2023-12-11,1176.4825174339444
2023-12-12,1144.431733512913
2023-12-13,1160.0372227664384
2023-12-14,1155.6519824232105
2023-12-15,1730.5584856546743
2023-12-16,1786.0984553002113
2023-12-17,1773.5625219830526
2023-12-18,1264.104214981647
2023-12-19,1243.0449299082147
2023-12-20,1268.5680228277752
2023-12-21,1272.8291539187016
2023-12-22,1854.9438811670814
2023-12-23,1916.1213509663198
2023-12-24,1907.5569954690263
2023-12-25,1400.3486082255065
2023-12-26,1379.802390599662
2023-12-27,1404.1270937207682
2023-12-28,1405.5433813982868
2023-12-29,1983.2694440817863
2023-12-30,2038.651766638561
2023-12-31,2023.0540404608403
2024-01-01,1507.7686947097295
2024-01-02,1478.3177621505572
2024-01-03,1493.1413436747657
2024-01-04,1484.7009488165963
2024-01-05,2052.4589026229273
2024-01-06,2098.0028860134303
2024-01-07,2072.92876405251
2024-01-08,1548.7463360922504
2024-01-09,1511.1748732097244
2024-01-10,1518.8268439219114
2024-01-11,1504.3072256136397
2024-01-12,2067.1896922109427
2024-01-13,2109.1388228932947
2024-01-14,2081.791539421905
2024-01-15,1556.6624333910559
2024-01-16,1519.439849789471
2024-01-17,1528.6711026578762
2024-01-18,1516.8641696093762
2024-01-19,2083.4670814418505
2024-01-20,2129.9940556474526
2024-01-21,2107.911466679387
2024-01-22,1588.5481840671123
2024-01-23,1557.3970028017895
2024-01-24,1572.805391950991
2024-01-25,1567.082754968872
2024-01-26,2139.4852651714546
2024-01-27,2191.347177429947
2024-01-28,2173.9715699861495
2024-01-29,1658.5449213528473
