date,sales,ads_spend,discount,day_of_week,month,day
2022-01-01,832.9393402844169,2498.16047538945,4.927973937929789,5,1,1
2022-01-02,1423.2259881855691,4802.857225639665,24.437241606941463,6,1,2
2022-01-03,952.3290103286444,3927.97576724562,19.955916620886004,0,1,3
2022-01-04,741.6100506764827,3394.6339367881465,15.69196274307358,1,1,4
2022-01-05,397.61822414662,1624.0745617697462,10.764914523705077,2,1,5
2022-01-06,686.9010841867153,1623.9780813448106,26.31601622439325,3,1,6
2022-01-07,713.3462670256563,1232.334448672798,11.77335322267906,4,1,7
2022-01-08,1489.2291549131944,4464.704583099741,24.497983184147312,5,1,8
2022-01-09,1184.0116912611504,3404.4600469728352,13.174047257106553,6,1,9
2022-01-10,831.3085308277185,3832.290311184182,11.308332882747226,0,1,10
2022-01-11,379.8793039631568,1082.33797718321,13.880393570088192,1,1,11
2022-01-12,1005.4683822782812,4879.639408647978,9.041336224924262,2,1,12
2022-01-13,1156.5470268316626,4329.770563201687,22.42828140528753,3,1,13
2022-01-14,848.0250683334857,1849.3564427131048,15.081611702774374,4,1,14
2022-01-15,787.8505362199043,1727.2998688284024,6.96638085440452,5,1,15
2022-01-16,1142.2230110863438,1733.6180394137352,26.98723719823705,6,1,16
2022-01-17,558.9637357700293,2216.968971838151,11.516736641196342,0,1,17
2022-01-18,878.396471004026,3099.0257265289515,16.306585833419657,1,1,18
2022-01-19,929.5873494607968,2727.780074568463,27.19416332893641,2,1,19
2022-01-20,708.9935482496775,2164.916560792168,18.727139877419763,3,1,20
2022-01-21,1025.507612656526,3447.411578889518,3.506941221250922,4,1,21
2022-01-22,1142.7291298852815,1557.9754426081672,28.19496370840425,5,1,22
2022-01-23,1038.3655158323766,2168.5785941408726,18.831241592142536,6,1,23
2022-01-24,553.6576224518374,2465.4473731747667,10.047168439712584,0,1,24
2022-01-25,671.1400630079612,2824.2799368681435,4.1781621799016175,1,1,25
2022-01-26,1111.0612272560447,4140.703845572054,23.82075567810888,2,1,26
2022-01-27,623.6283041526427,1798.6951286334388,18.602182677855406,3,1,27
2022-01-28,1123.8476067793304,3056.9377536544466,16.003832759289647,4,1,28
2022-01-29,1443.6870230686677,3369.6582754481697,26.81677749152873,5,1,29
2022-01-30,993.3202401904024,1185.8016508799908,23.657916336735923,6,1,30
2022-01-31,811.6318442879414,3430.1794076057536,4.550246391982535,0,1,31
2022-02-01,570.7639331827478,1682.096494749166,9.351662033866448,1,2,1
2022-02-02,386.9811127053204,1260.206371941118,7.454674194433972,2,2,2
2022-02-03,1389.9799543049353,4795.542149013333,22.31838877718031,3,2,3
2022-02-04,1380.3751037202608,4862.528132298237,1.0059730420733817,4,2,4
2022-02-05,1489.4357327648518,4233.589392465845,17.096690546139495,5,2,5
2022-02-06,1144.9584438683942,2218.4550766934826,22.87376057222072,6,2,6
2022-02-07,902.4171105178384,1390.6884560255355,26.302969102852483,0,2,7
2022-02-08,847.0210644540417,3736.932106048628,10.262452461477224,1,2,8
2022-02-09,918.31024834917,2760.609974958405,24.637719140160385,2,2,9
2022-02-10,478.12085752114007,1488.1529393791152,3.318952108656217,3,2,10
2022-02-11,1597.674652347711,2980.707640445081,25.393568752035545,4,2,11
2022-02-12,872.5489223170312,1137.5540844608736,3.824659869959473,5,2,12
2022-02-13,1568.0733386972538,4637.281608315128,11.918618716811018,6,2,13
2022-02-14,917.8958801954376,2035.119926400068,23.918860973386607,0,2,14
2022-02-15,877.9490211522084,3650.089137415928,4.497522820463214,1,2,15
2022-02-16,680.6656820913249,2246.8443043576435,6.877541856979245,2,2,16
2022-02-17,1053.873159631871,3080.272084711243,21.667577051791987,3,2,17
2022-02-18,1496.6192118380775,3186.841117373119,21.601096096382232,4,2,18
2022-02-19,1209.3411137731766,1739.4178221021082,19.23442898655892,5,2,19
2022-02-20,1739.0708750207395,4878.338511058235,20.818453334013,6,2,20
2022-02-21,1123.6956510071602,4100.531293444458,16.281733300427884,0,2,21
2022-02-22,1019.9121711270924,4757.995766256756,7.553971767208583,1,2,22
2022-02-23,1121.440266574272,4579.309401710596,10.370879805117584,2,2,23
2022-02-24,796.2072621844126,3391.5999152443405,5.44793150404277,3,2,24
2022-02-25,1828.8739959363163,4687.496940092467,27.25351684000885,4,2,25
2022-02-26,1168.8111338986455,1353.970008207678,17.501753842983614,5,2,26
2022-02-27,1214.7000110643412,1783.9314496765808,12.025542502909197,6,2,27
2022-02-28,676.3622517096709,1180.9091556421522,13.86017410932398,0,2,28
2022-03-01,993.0982525109198,2301.3213230530573,28.41850018835446,1,3,1
2022-03-02,663.3766629559829,2554.709158757928,4.600542093482406,2,3,2
2022-03-03,905.218118935178,2085.396127095584,17.586894960503916,3,3,3
2022-03-04,1605.4623997955566,4314.950036607717,15.17666036653398,4,3,4
2022-03-05,1383.0861601596666,2427.0133067743573,18.343627063039435,5,3,5
2022-03-06,1072.738784378538,2123.738038749523,0.5433055146252153,6,3,6
2022-03-07,1153.6675805249815,3170.784332632994,26.163717268324543,0,3,7
2022-03-08,969.4808391221474,1563.6968998990503,27.96354847450837,1,3,8
2022-03-09,1161.0698367439136,4208.787923016159,16.953995507676268,2,3,9
2022-03-10,775.6714928699093,1298.2025747190833,20.899524716306768,3,3,10
2022-03-11,2025.6189333779887,4947.54774640207,27.67498143531887,4,3,11
2022-03-12,1679.4865279193657,4088.9790771866296,21.21715902940196,5,3,12
2022-03-13,1114.3470150671287,1794.8627261366896,4.57617128742784,6,3,13
2022-03-14,709.2397679332281,1022.0884684944097,17.288650805004394,0,3,14
2022-03-15,1304.5946402096251,4261.845713819337,18.20145139148568,1,3,15
2022-03-16,1124.379380111831,3827.429375390469,12.72392013907158,2,3,16
2022-03-17,1358.7424556910323,3916.028672163949,22.093327068741687,3,3,17
2022-03-18,1907.01898204219,4085.081386743783,28.031010443070446,4,3,18
2022-03-19,1406.944326647787,1296.1786069363616,27.76705538720329,5,3,19
2022-03-20,1388.5972395690255,2433.8629141770907,13.525181142123962,6,3,20
2022-03-21,595.3965422414767,1463.476238100519,3.397141375222658,0,3,21
2022-03-22,1524.0485611490335,4452.413703502374,29.54523596887004,1,3,22
2022-03-23,1289.3017103779544,3493.192507310232,25.166942593378025,2,3,23
2022-03-24,691.9955546123609,2323.592099410597,3.739880436098005,3,3,24
2022-03-25,1408.0769784034994,1254.2334011440946,27.62525647852117,4,3,25
2022-03-26,1515.916820306498,2243.929286862649,26.096890861863848,5,3,26
2022-03-27,1507.1533505037405,2300.733288106988,15.565141713782165,6,3,27
2022-03-28,1182.0560588186072,3918.424713352256,17.738263072347877,0,3,28
2022-03-29,1051.2095254481233,3550.2298854208525,11.970081116103907,1,3,29
2022-03-30,1045.1511638264656,4548.850970305306,1.64284916466094,2,3,30
2022-03-31,990.069006445566,2888.859700647797,10.055917249377028,3,3,31
2022-04-01,1425.608110308306,1478.3769837532068,24.085603457940344,4,4,1
2022-04-02,1499.614210263634,3852.97914889198,0.1389606901380857,5,4,2
2022-04-03,1606.1965519388057,4043.14019446759,10.004975150734325,6,4,3
2022-04-04,1058.7667686567097,3245.108790277985,11.9450608077283,0,4,4
2022-04-05,1217.6514536935065,4083.868719818244,16.121868088137685,1,4,5
2022-04-06,1375.8762634309794,2975.182385457563,27.595668492382813,2,4,6
2022-04-07,937.420708433442,3090.9313175279763,10.390379830978835,3,4,7
2022-04-08,1447.7889437665394,2710.1640734341986,10.40859605688683,4,4,8
2022-04-09,1393.1324140797976,1101.6765069763808,22.12503744329245,5,4,9
2022-04-10,1294.073951007486,1431.5657079732175,13.566538226694217,6,4,10
2022-04-11,597.8549542483054,1125.716742746937,6.738144688199458,0,4,11
2022-04-12,1127.5074753811832,3545.641645055121,13.573185483980804,1,4,12
2022-04-13,760.1057129962142,2257.423924305306,4.225710611393996,2,4,13
2022-04-14,901.0788371705926,3034.282764658811,5.291609595186699,3,4,14
2022-04-15,1893.702851656934,4630.265895704372,14.951033182184393,4,4,15
2022-04-16,1471.05741426158,1997.1689165955,12.567763485136435,5,4,16
2022-04-17,1695.9357336202063,2641.531692142519,27.445377032043,6,4,17
2022-04-18,1105.013635654086,4022.2045541721945,10.871816973498994,0,4,18
2022-04-19,924.5214568684586,1915.1926619664896,17.417650508341303,1,4,19
2022-04-20,982.0218663618996,1307.919639315172,18.96792863758591,2,4,20
2022-04-21,641.1042252516839,2159.005811655072,0.3928336976500091,3,4,21
2022-04-22,1512.2652563362178,1644.8851490160175,19.90612116050132,4,4,22
2022-04-23,1786.78867609213,4718.790609370292,5.341079006092543,5,4,23
2022-04-24,1993.0176611346124,4232.481518257668,28.832109524083656,6,4,24
2022-04-25,1012.3961574657714,3533.615026041694,4.459881832593389,0,4,25
2022-04-26,1362.3203934685987,4485.84236075087,12.438723711810711,1,4,26
2022-04-27,1047.879797821961,4214.688307596458,2.560490042359316,2,4,27
2022-04-28,1104.2913052832298,1746.2802355441434,29.906227555378425,3,4,28
2022-04-29,1814.0878329582763,4570.235993959911,15.065850309937275,4,4,29
2022-04-30,1600.5484709194334,3157.3689676626027,17.861550519601312,5,4,30
2022-05-01,1530.013727689642,4229.7606206562505,2.012294321652824,6,5,1
2022-05-02,1406.1974645206,4584.365199693973,22.49881411197533,0,5,2
2022-05-03,801.5770686025933,2272.0138998874554,6.2971677928675724,1,5,3
2022-05-04,971.4412145772742,1440.207698110707,26.941628683221413,2,5,4
2022-05-05,746.9719564499254,1911.7406501677667,6.154189214460216,3,5,5
2022-05-06,1286.25004611238,2708.431154505025,5.720631619909997,4,5,6
2022-05-07,1565.32438881176,4272.059063689972,1.0964900354428464,5,5,7
2022-05-08,1840.505487313129,4442.9223330253735,14.162008353299978,6,5,8
2022-05-09,666.4519214615931,1027.8085221247627,16.945233997878493,0,5,9
2022-05-10,869.9801808579296,3042.989210310263,1.971259182850571,1,5,10
2022-05-11,1210.8758747872107,2669.644012595116,23.26582850085032,2,5,11
2022-05-12,791.1586301327959,1888.4312418829209,13.598665042440828,3,5,12
2022-05-13,1399.976475974389,1479.4614693347312,15.7317080798274,4,5,13
2022-05-14,1440.1282233693582,2350.460685614512,13.222882408146845,5,5,14
2022-05-15,1771.2403937081956,4771.638815650076,12.02289182625978,6,5,15
2022-05-16,966.415375388474,2292.811728083021,16.789209939246536,0,5,16
2022-05-17,921.5523037416762,3075.162486973464,4.657207377921376,1,5,17
2022-05-18,1034.2346123552672,3812.075835580712,5.457843914858134,2,5,18
2022-05-19,1173.2188820778151,2454.518409517176,25.85356863040552,3,5,19
2022-05-20,2047.2791920054208,4887.128330883843,28.38346386400898,4,5,20
2022-05-21,1800.4622235450263,4849.789179768445,11.199279488392587,5,5,21
2022-05-22,1185.322724542138,2007.1291833014568,8.122340194306613,6,5,22
2022-05-23,1112.983176026301,2988.9940235695417,19.319986297170477,0,5,23
2022-05-24,818.4127651896536,2203.5132392670785,12.262025132942892,1,5,24
2022-05-25,618.2788675706109,2139.3619775098705,0.7615906698103458,2,5,25
2022-05-26,613.7926924796683,1147.5477894181313,4.684577920985711,3,5,26
2022-05-27,1765.7054433793282,3438.257335919588,21.479166865421927,4,5,27
2022-05-28,1636.992927380751,3010.716092915446,19.76771825730454,5,5,28
2022-05-29,920.6976387604112,1205.915004999957,0.8128797751045047,6,5,29
2022-05-30,724.7842725534678,2114.585856946446,6.659164857988484,0,5,30
2022-05-31,1229.7649141607124,4633.063543866615,6.932243897642142,1,5,31
2022-06-01,946.3315607440264,1958.2475626678895,20.15678230796185,2,6,1
2022-06-02,655.725298485466,1579.5794883648923,0.5913161326309246,3,6,2
2022-06-03,1313.490991044672,2957.811041110252,3.123257459537215,4,6,3
2022-06-04,1990.8853375018305,4942.601816442402,23.99748256119568,5,6,4
2022-06-05,1141.5020480948422,1968.2210860460016,5.356339861630008,6,6,5
2022-06-06,1216.4312813349786,3688.5421896235134,19.58238323555624,0,6,6
2022-06-07,1048.3703863138317,4046.4784613148704,7.145483431401796,1,6,7
2022-06-08,663.2135715842165,1950.5501759695985,2.983241782780355,2,6,8
2022-06-09,1078.3416221782263,3912.865394447438,7.295165729983623,3,6,9
2022-06-10,1460.6111038799042,2471.132530877013,21.668007955669776,4,6,10
2022-06-11,1676.3695381155133,3529.223322374318,25.67089404318857,5,6,11
2022-06-12,1634.7299995641422,3534.118843043578,24.906595937009747,6,6,12
2022-06-13,992.9266481324648,3143.098736299034,11.915505888553644,0,6,13
2022-06-14,746.2208114000548,1361.1590802176331,20.042554097119385,1,6,14
2022-06-15,958.552570910649,4341.209982356952,6.149528862474629,2,6,15
2022-06-16,779.3777710339166,2283.120259886943,8.794431907830397,3,6,16
2022-06-17,1560.4911840028765,1746.074041599417,26.890074555633596,4,6,17
2022-06-18,881.3117735819396,1163.1005662190555,0.390057705322081,5,6,18
2022-06-19,1328.3174423660728,3363.5717727529677,2.5652559256340424,6,6,19
2022-06-20,949.5826977012086,3710.2574473691297,6.23658765438082,0,6,20
2022-06-21,397.3892872571009,1066.3513157114246,0.7959661162145915,1,6,21
2022-06-22,859.5512043994913,3048.372233197124,5.443063052693919,2,6,22
2022-06-23,807.6087455734954,1905.983100791752,17.491246829090766,3,6,23
2022-06-24,1484.4347056168913,3580.6911616377997,12.64273651777494,4,6,24
2022-06-25,1404.2793986298404,1697.4657160199658,26.780151332309245,5,6,25
2022-06-26,1661.1428716698567,3763.750952409864,24.523306852153222,6,6,26
2022-06-27,843.8110789876439,2546.94138520215,10.25452055093628,0,6,27
2022-06-28,1112.292691366051,4746.919954946938,7.782703002938774,1,6,28
2022-06-29,600.3541632253585,1550.0837765839728,11.390772245018008,2,6,29
2022-06-30,906.8788608158292,2364.265404201034,17.708848275444232,3,6,30
2022-07-01,953.4525811271152,1453.8940849623564,8.041909224686288,4,7,1
2022-07-02,1725.6376052475086,4698.774473114251,18.72446723547402,5,7,2
2022-07-03,1577.018138680576,4509.357413523924,12.282349565737212,6,7,3
2022-07-04,844.8359059980447,2031.7665108606225,16.561415425559407,0,7,4
2022-07-05,1023.7426314620274,3639.936184136716,13.0837958740595,1,7,5
2022-07-06,1029.377153660319,4268.888800804863,8.83397278625753,2,7,6
2022-07-07,1224.6274692467466,3220.8032463978493,28.453599208864706,3,7,7
2022-07-08,1567.0059796306778,3118.602313424026,22.908173824792826,4,7,8
2022-07-09,1007.0970838344704,1967.4091636018068,4.203395272993577,5,7,9
2022-07-10,1245.815834926154,1372.4110712235968,26.054039276937385,6,7,10
2022-07-11,1100.2695958180766,4588.863031813307,14.62293594748541,0,7,11
2022-07-12,1319.1591207213985,4601.672228653322,26.83656680682274,1,7,12
2022-07-13,1124.3748052175208,3532.405829093072,23.99565767841945,2,7,13
2022-07-14,715.3315120234971,2356.1191641948026,12.756405134077005,3,7,14
2022-07-15,951.628103170477,2396.8382984506434,0.674079249603522,4,7,15
2022-07-16,1339.4010104170152,3903.822715480957,8.060320781548382,5,7,16
2022-07-17,1613.1611106594416,4588.441039810308,16.249026439826007,6,7,17
2022-07-18,1205.656416318685,4548.345697060469,19.00434659478442,0,7,18
2022-07-19,965.7025511803558,4119.502183430495,7.736630562996068,1,7,19
2022-07-20,787.3330286079464,3568.126584617151,4.180682222184724,2,7,20
2022-07-21,659.4697449857001,1336.5598599801954,25.04790710397897,3,7,21
2022-07-22,1242.662573114761,1646.514856378455,29.53206542110656,4,7,22
2022-07-23,1541.9765342889714,4594.216754108316,15.770705469080577,5,7,23
2022-07-24,1105.2334708006435,3425.71623863836,5.150378575449105,6,7,24
2022-07-25,436.6598193099755,1036.788206466519,8.169219795581068,0,7,25
2022-07-26,412.6570599832344,1405.8861714641284,0.551720296424002,1,7,26
2022-07-27,1231.6015370487776,3654.007076432223,27.42896419681497,2,7,27
2022-07-28,304.3048336790502,1020.2463353848748,3.532532486704234,3,7,28
2022-07-29,1120.9303079181927,1643.2322056699943,17.295494265427607,4,7,29
2022-07-30,1157.1729459391563,3194.9351574663447,8.22165662061618,5,7,30
2022-07-31,1368.0815148220754,3767.580790770773,16.6253400754738,6,7,31
2022-08-01,981.7189461143164,3607.845038010402,19.542611650555926,0,8,1
2022-08-02,795.6805916234874,1897.0772378422391,24.892254111216047,1,8,2
2022-08-03,800.2284697582811,3848.716885390144,6.1926381528180965,2,8,3
2022-08-04,403.8265434578765,1948.9963499872,0.3298748597544143,3,8,4
2022-08-05,908.847355633453,2301.598792637071,4.106568902064218,4,8,5
2022-08-06,1571.2062160498378,3985.965620472096,27.000559255443157,5,8,6
2022-08-07,1509.6154093969526,3598.5315961888587,26.216702326875456,6,8,7
2022-08-08,1156.4750387900822,4396.893641976712,17.922393065109247,0,8,8
2022-08-09,1013.4141269894844,3630.451569201373,18.0155058130096,1,8,9
2022-08-10,861.3326287612006,3273.2344133418865,19.951100236387664,2,8,10
2022-08-11,233.7857404305776,1374.6990713123698,5.261138358703487,3,8,11
2022-08-12,1343.351616565487,2470.863212237734,27.432358377748795,4,8,12
2022-08-13,901.8213317021896,2060.809470726902,12.563115746762191,5,8,13
2022-08-14,922.4423455758704,1975.9585735163344,11.494155847484924,6,8,14
2022-08-15,1062.773690969154,4892.042219009783,15.567531158485126,0,8,15
2022-08-16,395.1136377596974,2572.3908986670417,1.4089790032516514,1,8,16
2022-08-17,908.397705185648,4568.186220708453,4.988501062682382,2,8,17
2022-08-18,1032.1655212196704,3524.554503989052,22.141008492791112,3,8,18
2022-08-19,1105.785239427866,4179.2452141665935,2.483960037753794,4,8,19
2022-08-20,1069.5380706587175,3010.5483724207684,18.094563283991647,5,8,20
2022-08-21,1035.964833693508,3307.615538505436,7.360473290439629,6,8,21
2022-08-22,732.5954981118559,2970.070775275456,11.678868421259295,0,8,22
2022-08-23,384.3040394795213,1780.971951192178,8.660812103120996,1,8,23
2022-08-24,856.3355423519131,3889.808461046021,10.670181493948474,2,8,24
2022-08-25,730.9435898865166,2123.089449763423,21.571377155527365,3,8,25
2022-08-26,729.0973612153562,1097.263865725815,8.913651468695251,4,8,26
2022-08-27,1261.2010528355231,3581.889183628671,16.992139208906917,5,8,27
2022-08-28,840.6909756062353,1708.4427176281956,14.28151206597299,6,8,28
2022-08-29,1202.1921945096346,4761.8343374116575,19.910134960879443,0,8,29
2022-08-30,1281.3083709264583,4815.71430801035,28.10489217974274,1,8,30
2022-08-31,1155.478007493868,4659.457560881794,21.97716291630751,2,8,31
2022-09-01,475.6078578914222,2480.634801021777,6.448211357722703,3,9,1
2022-09-02,518.4528539689627,1061.8264661154697,0.9354940518385402,4,9,2
2022-09-03,1230.1149746442386,4713.274250350902,7.867921328994752,5,9,3
2022-09-04,1095.129732159976,2712.7365932692574,17.852337921007646,6,9,4
2022-09-05,922.4910958695872,4866.619276174679,1.5427744045275105,0,9,5
2022-09-06,992.2359517404064,4854.479908357012,14.89098741603709,1,9,6
2022-09-07,955.4559456009264,4412.03782186944,17.905285467506676,2,9,7
2022-09-08,596.4920325870622,2177.7955682783427,10.027316724508823,3,9,8
2022-09-09,1145.5844771905372,2540.390914407701,23.12736611237466,4,9,9
2022-09-10,1097.5005605524073,4404.546686067428,3.1979475940131543,5,9,10
2022-09-11,804.104880964902,2267.6880206251108,2.254133452074263,6,9,11
2022-09-12,605.7992487353739,1677.9709867443698,21.8456626861081,0,9,12
2022-09-13,870.0541369750114,3227.2050498334006,14.864739486185954,1,9,13
2022-09-14,1167.344518413111,4744.619096643124,20.65207189283208,2,9,14
2022-09-15,816.5621516249162,3784.119186699892,13.044820158112389,3,9,15
2022-09-16,1114.5752170261878,3280.24468035746,7.392060997173204,4,9,16
2022-09-17,948.3235385281052,1388.705975083074,24.573069530225997,5,9,17
2022-09-18,1355.815210053973,3460.028906796679,23.982476369069374,6,9,18
2022-09-19,1186.5394525537458,4960.215400417053,20.840894125632804,0,9,19
2022-09-20,445.5561080303427,1560.336060946096,8.164354116898881,1,9,20
2022-09-21,877.0116470611309,3073.318609454947,17.706920006072615,2,9,21
2022-09-22,926.6153367232686,4509.492287711822,10.829216908200804,3,9,22
2022-09-23,1005.0039671082932,3963.074471016818,2.7474621997990245,4,9,23
2022-09-24,1458.140981072553,3788.062963981072,27.519407263867283,5,9,24
2022-09-25,1007.0114712410472,3809.936335948437,4.104558927568842,6,9,25
2022-09-26,977.458477255016,2437.964604879021,28.50712061462407,0,9,26
2022-09-27,582.1270176331791,2174.367377057973,13.380173188738672,1,9,27
2022-09-28,773.5966431003898,4237.444621914055,5.553987865158589,2,9,28
2022-09-29,984.54470662905,4240.453578716722,16.257028421350743,3,9,29
2022-09-30,1465.7830640621182,4468.289274320415,26.18837507629225,4,9,30
2022-10-01,1445.3587414199924,4652.962210225885,21.966746592286835,5,10,1
2022-10-02,1321.441400895074,3045.369595443751,24.19683443584349,6,10,2
2022-10-03,797.2902229132335,3006.065178748798,19.76350100132152,0,10,3
2022-10-04,997.0033823775698,4193.180715867101,20.768296935535574,1,10,4
2022-10-05,1057.2459542672475,3599.855723111061,25.47586954695958,2,10,5
2022-10-06,820.2004035081906,3807.867509030813,7.490040265775578,3,10,6
2022-10-07,1337.7848024343252,4183.170677744404,14.682748909294215,4,10,7
2022-10-08,1280.8393110494694,4560.021367270265,6.636283254588067,5,10,8
2022-10-09,1213.4686467413972,2351.980627406143,29.63004023989941,6,10,9
2022-10-10,830.1682269916337,2502.3318105597764,28.3217801905984,0,10,10
2022-10-11,325.7217598649046,1375.927759363476,1.182804341055177,1,10,11
2022-10-12,904.4674606613348,3313.120563984696,21.16725517547065,2,10,12
2022-10-13,655.258818185623,1143.7690951869683,27.757449522469976,3,10,13
2022-10-14,1006.7493202355216,2862.3920725298403,5.417260353820006,4,10,14
2022-10-15,1221.4781580635924,3170.5785388303066,17.038356916578884,5,10,15
2022-10-16,1224.105268652272,2146.1650085131378,27.464648927641257,6,10,16
2022-10-17,705.9047680190603,3363.333042276043,1.0183793575739652,0,10,17
2022-10-18,527.5927424881687,1122.0009997561976,20.9226080174052,1,10,18
2022-10-19,409.20033065932137,1149.3927549968575,8.920470221176522,2,10,19
2022-10-20,1220.1107738099165,4290.402242638633,27.73188586129591,3,10,20
2022-10-21,1312.7181049424437,2440.762565645052,29.131747354961032,4,10,21
2022-10-22,1208.615443454503,1508.242050607539,28.32799467340302,5,10,22
2022-10-23,1189.560012820301,3088.9730402192176,14.226426499723914,6,10,23
2022-10-24,1188.8219930925952,4079.9742123944434,25.861279529679404,0,10,24
2022-10-25,834.7762719562157,1863.2841099873729,25.33648195605211,1,10,25
2022-10-26,773.478955362475,3491.561903276001,9.573014197297669,2,10,26
2022-10-27,649.7057143124578,1341.389859975072,24.86746422452032,3,10,27
2022-10-28,594.8680641720248,1206.7268846744307,1.1102290414647786,4,10,28
2022-10-29,1164.3708563680918,3125.418526272592,17.88809635446159,5,10,29
2022-10-30,1190.251203563714,3162.540486440426,6.900265118631092,6,10,30
2022-10-31,663.2261244619992,3549.719605992826,3.617006573318364,0,10,31
2022-11-01,748.9811481485498,3904.3653348906464,2.3085960488762747,1,11,1
2022-11-02,1235.5017389882776,4903.408317850139,20.888663276344197,2,11,2
2022-11-03,775.7807093530329,3065.201393204781,10.196248913041984,3,11,3
2022-11-04,1263.0004968301944,2291.825891764984,21.743003145862843,4,11,4
2022-11-05,1254.4526052849362,4180.744779074815,1.960690223968271,5,11,5
2022-11-06,961.4187543053432,2083.329005048297,9.45871013491831,6,11,6
2022-11-07,818.944007289765,2755.8856828225444,16.184738771260115,0,11,7
2022-11-08,730.2480616712297,1313.8255253690638,23.721694945168903,1,11,8
2022-11-09,431.38017663080825,1101.40297366183,9.562575087962095,2,11,9
2022-11-10,1320.1322666051162,4850.5936587117,18.776741293110277,3,11,10
2022-11-11,1723.1079689273604,4343.920482048823,26.579332447085616,4,11,11
2022-11-12,1509.810755501078,3783.896824374792,18.475895645469137,5,11,12
2022-11-13,1123.7446630493623,2635.81177765708,6.988784242609013,6,11,13
2022-11-14,476.7757365437101,1693.177280283383,0.7320234466961406,0,11,14
2022-11-15,852.7096708532217,1625.748170684344,26.102966217027895,1,11,15
2022-11-16,414.1065785435652,2000.9715926583813,0.6380823255116141,2,11,16
2022-11-17,1142.373612085805,3196.906658824482,26.24105018052598,3,11,17
2022-11-18,1454.426311686149,3858.3836908002495,15.86811402081636,4,11,18
2022-11-19,1641.1926211202162,3640.789506870925,28.172030955386884,5,11,19
2022-11-20,1376.0768786092376,2119.7355877837717,23.96349707320996,6,11,20
2022-11-21,1543.773826769968,4819.461122652776,29.938023316000123,0,11,21
2022-11-22,1011.2789484831987,3951.587666783074,10.521354463551305,1,11,22
2022-11-23,1119.849923495119,3217.416210045603,23.015648667933807,2,11,23
2022-11-24,1047.6776785060017,3446.8829849374088,12.057927408277266,3,11,24
2022-11-25,1332.8574490988094,2678.40024971116,14.396268609117266,4,11,25
2022-11-26,1418.749929667981,1990.9239580046296,18.825163896551103,5,11,26
2022-11-27,1524.79602737212,2423.890714605046,26.21031342559016,6,11,27
2022-11-28,1294.737543835579,4031.384441857476,29.52250407597885,0,11,28
2022-11-29,813.2319709400065,1057.5739545190236,23.048202415935545,1,11,29
2022-11-30,690.7180316582217,1464.290562027665,12.533003465020013,2,11,30
2022-12-01,696.8674562350996,1184.010568087011,12.640710068312105,3,12,1
2022-12-02,1293.2524517472193,1162.9152092758804,22.127469047666743,4,12,2
2022-12-03,1558.8825486475462,4421.842336044028,7.163314373049071,5,12,3
2022-12-04,1345.8859461107838,3814.631437520095,3.31422339394184,6,12,4
2022-12-05,903.5221063956128,2896.695316349301,10.638664729223295,0,12,5
2022-12-06,588.9324852971558,1391.336642604006,8.617169749622452,1,12,6
2022-12-07,880.2595473128814,2966.463500467329,8.889243613679703,2,12,7
2022-12-08,901.1422429377257,2893.887083122263,7.008232531497298,3,12,8
2022-12-09,1145.6756831506746,1692.8074796400606,1.2627956890908565,4,12,9
2022-12-10,1256.0071801172162,2735.4065969518924,0.5362180420024143,5,12,10
2022-12-11,1657.8887684353804,2594.018937589494,29.631671692080943,6,12,11
2022-12-12,1116.864927215193,3463.400392208866,12.83319401207587,0,12,12
2022-12-13,1152.2805403421658,3540.374603470575,11.52979941479045,1,12,13
2022-12-14,820.5809336590514,1181.216039088178,20.38941848079209,2,12,14
2022-12-15,838.7271195230095,2498.450458505885,6.547616635951925,3,12,15
2022-12-16,1904.618034623526,3503.4396628569457,28.49883551850676,4,12,16
2022-12-17,1708.53777711816,3012.545034320351,23.59035043246656,5,12,17
2022-12-18,1674.0611619347235,4425.959364753289,2.6823300693677856,6,12,18
2022-12-19,1162.092928757724,3634.77452647578,12.52742327354785,0,12,19
2022-12-20,1096.4921388167777,1651.7377083257188,26.37354922686494,1,12,20
2022-12-21,1009.4182829528634,1282.2749896017194,28.34196066874231,2,12,21
2022-12-22,1182.5622157126893,3569.6771128252626,14.022045337496092,3,12,22
2022-12-23,1437.162485192566,1106.0452421664872,18.40234167632123,4,12,23
2022-12-24,1543.8632138278897,3343.1023250938533,5.0110183827622565,5,12,24
2022-12-25,2320.4721970173537,4760.92096569983,29.73505878410929,6,12,25
2022-12-26,1048.3539675094137,3301.896711503516,6.950151041503302,0,12,26
2022-12-27,1323.3299831803165,2552.679704826088,28.28195322405377,1,12,27
2022-12-28,1389.2253142505344,3573.1528737694125,19.48939946977105,2,12,28
2022-12-29,1132.537714583082,2833.0115619660664,18.23210384636577,3,12,29
2022-12-30,1689.6567421969012,3182.46715726374,15.380655330495255,4,12,30
2022-12-31,1836.415863492337,4765.859235106101,6.920094351532761,5,12,31
2023-01-01,1583.391328622778,2544.410551203097,5.295840960165248,6,1,1
2023-01-02,1348.6948086648222,4844.762255295656,6.61458627210526,0,1,2
2023-01-03,1456.589047807078,4621.402567824255,5.593147864327635,1,1,3
2023-01-04,1130.658017286339,1783.1645391571858,23.3875342070026,2,1,4
2023-01-05,870.82484854511,1277.4452035006618,10.503757775001905,3,1,5
2023-01-06,1399.370461376147,1403.1120055097067,1.735280296901891,4,1,6
2023-01-07,1843.1651323048152,1072.887302606199,29.07307890422434,5,1,7
2023-01-08,1865.134183226493,1377.7718430237137,26.51357654890277,6,1,8
2023-01-09,1662.6831014009192,3732.0270936654274,27.83256849585639,0,1,9
2023-01-10,1281.2509994090592,1284.754593840916,29.847234679393058,1,1,10
2023-01-11,1015.7566921880292,2275.902521175045,5.216857476584619,2,1,11
2023-01-12,1502.1163672139955,4379.501243877818,11.887260567079762,3,1,12
2023-01-13,1678.0244227515373,1093.0877429433035,22.74715427112274,4,1,13
2023-01-14,2179.5459794823523,4257.873930355743,20.880618541613767,5,1,14
2023-01-15,1594.0883792739592,2127.4190990935995,4.616877190195652,6,1,15
2023-01-16,1207.314744316761,1472.6593104866251,24.47499374971853,0,1,16
2023-01-17,1290.3167151585687,3786.9486614566026,6.73321715509982,1,1,17
2023-01-18,1309.103211222682,3515.771387119536,6.714528444678693,2,1,18
2023-01-19,1657.6561617524917,4509.888054108212,16.109232686802407,3,1,19
2023-01-20,2184.818358962789,3940.284175215543,17.788198045251093,4,1,20
2023-01-21,2304.9645366041304,4213.923721539394,17.402586235134336,5,1,21
2023-01-22,1582.4968638591383,2128.138290285226,2.744605121932646,6,1,22
2023-01-23,1329.988426171977,1709.7581751188914,26.32382587891141,0,1,23
2023-01-24,1386.719641483219,4002.4590065634334,7.968001277661182,1,1,24
2023-01-25,1305.1349822348875,4227.338957069056,3.885447638484125,2,1,25
2023-01-26,1913.62203469136,4962.020568002694,26.66244239606932,3,1,26
2023-01-27,2217.06066418558,2650.470707645706,28.6695449468926,4,1,27
2023-01-28,2234.22439085368,2488.0723431711326,25.86382851796352,5,1,28
2023-01-29,2447.520891946214,4105.651842967987,24.285482241746344,6,1,29
2023-01-30,1336.4273455244231,2363.214161012072,19.65725941917065,0,1,30
2023-01-31,1833.4597776751743,4723.029302414259,16.52572111827418,1,1,31
2023-02-01,1523.0538640288858,4433.651007372047,2.609602797342304,2,2,1
2023-02-02,1371.6312436855546,2715.976109500073,12.25359639212096,3,2,2
2023-02-03,2216.3010783858413,4003.484271165989,11.18065551036942,4,2,3
2023-02-04,2134.6648193709066,4018.1714963387294,7.792613512809786,5,2,4
2023-02-05,1969.993062559722,1412.4954753437305,21.70260341065755,6,2,5
2023-02-06,1789.7448480512626,4610.211626718266,14.876272052363124,0,2,6
2023-02-07,1355.5844365651071,3021.0094897914287,2.431386477229438,1,2,7
2023-02-08,1633.685147734604,4305.829864430967,6.6054960584943405,2,2,8
2023-02-09,1432.4374663023707,2280.198404122447,20.49776290978788,3,2,9
2023-02-10,2187.8213908320245,4582.092913984801,2.2839257847090053,4,2,10
2023-02-11,2313.53172315042,2556.8067149366525,25.53620742146306,5,2,11
2023-02-12,1789.6911835657957,1043.3506059211934,14.85439581041923,6,2,12
2023-02-13,1791.761694524263,4621.527905677054,14.41759731979944,0,2,13
2023-02-14,1280.6570331952005,1365.1467071445345,17.772233539785528,1,2,14
2023-02-15,1543.955418499398,2277.2545503616598,24.74042897775448,2,2,15
2023-02-16,1677.1513489119948,4800.24786820322,10.434276237065792,3,2,16
2023-02-17,2679.4103923864486,4802.428587750224,20.340484576771907,4,2,17
2023-02-18,2323.402413492745,3293.751552493145,16.97195891987373,5,2,18
2023-02-19,2187.3615108382496,3527.348848679197,8.01084810508264,6,2,19
2023-02-20,1568.9262865210835,2793.782087913279,26.35889959065474,0,2,20
2023-02-21,1570.4726779340997,2172.843086792258,23.922780648207844,1,2,21
2023-02-22,1619.258728365159,2314.658181479664,19.753555039752765,2,2,22
2023-02-23,1950.23054374406,3690.0738243081537,25.51745187282726,3,2,23
2023-02-24,2653.457948152893,4009.49811775072,26.01882602879407,4,2,24
2023-02-25,2599.7010094768966,4166.316174903394,21.250889301451043,5,2,25
2023-02-26,2725.605958964344,4158.472571178216,25.110399850910163,6,2,26
2023-02-27,1367.51759391881,1364.8244121947614,20.924143850078508,0,2,27
2023-02-28,1701.850226399568,2977.681218810326,20.404223152809013,1,2,28
2023-03-01,1403.1351865675997,1230.235040066577,18.558341346455528,2,3,1
2023-03-02,1832.7221436423256,3198.115529294942,22.58149918672924,3,3,2
2023-03-03,2153.185147489544,2766.1220054935084,4.758153158792212,4,3,3
2023-03-04,2826.001989904209,4550.816731033199,26.42612277596785,5,3,4
2023-03-05,2431.425410786814,2403.6600502083147,26.15530583235696,6,3,5
2023-03-06,1087.3212908315963,1468.2680657104231,0.8774184910367744,0,3,6
2023-03-07,1546.243191278469,1571.9667282113437,24.77450251694288,1,3,7
2023-03-08,1643.2207718876534,4046.042526869889,3.866096024203356,2,3,8
2023-03-09,1683.2791363242711,3472.872253265044,10.053565627774256,3,3,9
2023-03-10,2233.780442438271,1404.490704491161,22.30524768874823,4,3,10
2023-03-11,2045.7027722749417,1336.4272244599897,4.822796881449246,5,3,11
2023-03-12,2716.6638429862064,3803.87652583648,24.539010723571867,6,3,12
2023-03-13,1537.8023354795876,1291.052025456774,24.964025338732256,0,3,13
2023-03-14,1846.660744074608,4287.440237161425,15.224032012825086,1,3,14
2023-03-15,1432.502025934175,3824.968908625985,0.1915761515050074,2,3,15
2023-03-16,1321.9699622042117,1325.3951225675992,8.611143995247383,3,3,16
2023-03-17,2275.3705818948238,1339.3508563407677,18.507807551272265,4,3,17
2023-03-18,3025.96085005094,4946.558314004702,29.435585340822705,5,3,18
2023-03-19,2455.4756510237703,2497.083183024481,18.95440581050005,6,3,19
2023-03-20,1499.193299345099,2482.5685882675634,7.794107431924794,0,3,20
2023-03-21,1888.7709798432331,4251.19826903001,19.020171092988345,1,3,21
2023-03-22,1986.4867735168505,4788.994309535435,16.199561391475665,2,3,22
2023-03-23,2204.295108226278,4944.004255291484,23.395361854534308,3,3,23
2023-03-24,2400.432051070938,4013.5127410357663,3.209419164808752,4,3,24
2023-03-25,2560.5302010508376,2505.038342123663,22.83083707506084,5,3,25
2023-03-26,2171.4812371234425,1334.0028667946751,16.23799736028331,6,3,26
2023-03-27,2150.6812568324995,4108.587663709747,28.88976011576984,0,3,27
2023-03-28,1662.741783086556,3233.61699894322,10.256164981160582,1,3,28
2023-03-29,1643.663347112709,2696.8880369879053,18.978656794018445,2,3,29
2023-03-30,2264.003384192682,4625.417540378944,27.960843165300524,3,3,30
2023-03-31,2013.8689855643877,1444.7899292246054,3.0752918397203777,4,3,31
2023-04-01,2697.2740526351304,2970.5004171634364,28.116854617093534,5,4,1
2023-04-02,2297.3856105861714,1045.4145790696762,20.6365716690244,6,4,2
2023-04-03,1533.0736666945004,2874.642567976505,2.0351117731551573,0,4,3
2023-04-04,1266.3433030984895,1225.2131027273497,9.028907008404488,1,4,4
2023-04-05,1571.8937589407433,1475.2716650722878,21.24516265935845,2,4,5
2023-04-06,1263.4823527673336,1470.1049871084197,2.020518044063151,3,4,6
2023-04-07,2710.320865533145,3596.841208464254,17.465113805288198,4,4,7
2023-04-08,2630.9676446130807,3984.179517061693,10.376491708588702,5,4,8
2023-04-09,2635.539489920666,3333.4750603886387,18.627465533024317,6,4,9
2023-04-10,1765.4056333441158,4848.690193898168,1.3722610143753855,0,4,10
2023-04-11,1835.97025650517,2499.482318094816,26.14610418457129,1,4,11
2023-04-12,1770.373924414392,2142.848345127443,29.204669075321902,2,4,12
2023-04-13,2070.5662481453205,4474.396512757841,29.066335658570743,3,4,13
2023-04-14,2502.397744462234,1894.3833540778105,22.48955495228774,4,4,14
2023-04-15,2710.381591993899,4852.890157762446,3.902587203918959,5,4,15
2023-04-16,2224.264638187444,1048.6178987592657,22.74789587787068,6,4,16
2023-04-17,1753.2859026263593,4879.515306830556,0.7376074937640453,0,4,17
2023-04-18,1206.1249501293216,1172.6396478023044,0.6637065458699176,1,4,18
2023-04-19,2005.7077379446969,4564.572454792284,9.708306574486237,2,4,19
2023-04-20,1741.8049172546496,3110.8044363451995,14.659295712139972,3,4,20
2023-04-21,2974.403593157122,4971.859184477202,23.1122225342338,4,4,21
2023-04-22,2334.1970893694297,1295.1862589415955,20.498861298195155,5,4,22
2023-04-23,2614.7673443197527,3215.417137605283,13.37708119130245,6,4,23
2023-04-24,1895.018722508389,4877.210142476396,8.208799988449977,0,4,24
2023-04-25,1953.84692365196,3092.3913766805954,29.913735004731336,1,4,25
2023-04-26,1749.0408116068006,3517.5945525410502,12.785439067079189,2,4,26
2023-04-27,1782.129371219249,3782.9947559384686,13.541610729890264,3,4,27
2023-04-28,2333.1184276834306,2818.1642590710926,4.908714635750076,4,4,28
2023-04-29,2845.571632081707,3510.232320336254,23.84428646249788,5,4,29
2023-04-30,2697.374224735197,3337.257247692401,20.81046677344466,6,4,30
2023-05-01,1832.664505226272,4604.632041963956,6.623088383662812,0,5,1
2023-05-02,1179.120106591593,1181.7855213658315,2.471431368475281,1,5,2
2023-05-03,1578.524938860943,2123.852758368921,20.414979062241397,2,5,3
2023-05-04,2138.727338821237,4801.645936306235,19.63533642843406,3,5,4
2023-05-05,2656.2038009142493,4561.055135563665,8.19778580994628,4,5,5
2023-05-06,2699.713847649077,2822.627011142852,28.52590686751231,5,5,6
2023-05-07,2567.972711897922,3480.5303912061468,4.531736753427007,6,5,7
2023-05-08,1531.6302084862282,2109.524731924531,12.970044031278055,0,5,8
2023-05-09,1677.2618352223792,1752.4846388950452,28.308477605027967,1,5,9
2023-05-10,1609.950717939517,2854.7936197599283,12.591819507783669,2,5,10
2023-05-11,1723.0217244893754,2413.408912104212,19.155778429922567,3,5,11
2023-05-12,2496.07070438555,3334.6244474034884,11.927831938883829,4,5,12
2023-05-13,2008.7864865472009,1310.9385478599393,8.2264560704601,5,5,13
2023-05-14,3091.541853509142,4897.579230664665,29.51932943879485,6,5,14
2023-05-15,1931.6643482363731,4944.842977918412,12.28002018945129,0,5,15
2023-05-16,2108.0897113654,3792.646856078981,26.822976110374032,1,5,16
2023-05-17,1616.3037318019817,3144.385465376481,6.898638176732586,2,5,17
2023-05-18,1374.5741557131516,2238.110465145311,6.3931411207525,3,5,18
2023-05-19,2490.0680301024145,4255.180078827794,0.9340224865353408,4,5,19
2023-05-20,2653.618090260245,3738.924690215517,19.55000476127655,5,5,20
2023-05-21,2189.4751890279813,1650.4677573795652,11.055790311712832,6,5,21
2023-05-22,2146.1971830649773,4643.70873797537,25.930747495189117,0,5,22
2023-05-23,1816.2195354742464,4290.148971692675,14.196297200746717,1,5,23
2023-05-24,2161.2812799904123,4799.199653167696,29.04580283744165,2,5,24
2023-05-25,1689.6012793313816,3902.87803355344,5.565765471093634,3,5,25
2023-05-26,2661.461541527939,3453.6607837431598,26.05869503866832,4,5,26
2023-05-27,2472.724177498343,2672.9721451624755,23.297905583752254,5,5,27
2023-05-28,2784.151066295412,4730.913933416054,23.12765533932156,6,5,28
2023-05-29,2073.8632919010943,4464.255558001633,25.343496843506628,0,5,29
2023-05-30,1552.9979041297113,1180.8746804247576,22.830719728289967,1,5,30
2023-05-31,1310.3618084492643,1105.467897989008,18.786609648942463,2,5,31
2023-06-01,1344.5494187777551,2505.853467512198,3.937346330471627,3,6,1
2023-06-02,2409.4124242069247,4242.213323127331,0.9757853847375576,4,6,2
2023-06-03,2901.0130465784187,4949.104517259778,27.625435434470607,5,6,3
2023-06-04,2198.7530306912417,1601.6675644141128,18.49950943562214,6,6,4
2023-06-05,1758.0488748929558,3376.5228614085404,23.89611872928529,0,6,5
2023-06-06,1522.4283334990332,2523.563426524086,14.445670545376505,1,6,6
2023-06-07,1699.315469168918,4879.657591258412,3.519245668871834,2,6,7
2023-06-08,1670.378348895317,4368.475692542835,3.7555737660765134,3,6,8
2023-06-09,2699.240100700412,4353.314818844552,20.56695861686914,4,6,9
2023-06-10,2381.135282992191,2874.772639179881,12.90917684698388,5,6,10
2023-06-11,2119.067952617776,2659.278009350661,6.015741801010101,6,6,11
2023-06-12,1418.5153791040536,2093.628287722825,14.747836402243106,0,6,12
2023-06-13,1041.4192857999428,1225.5019866037085,1.9262681122540224,1,6,13
2023-06-14,1820.0852991357813,4458.889505020213,17.459142057431965,2,6,14
2023-06-15,1654.2767272121926,4251.60403652031,8.06980213305293,3,6,15
2023-06-16,2735.962764039144,4998.870693144522,23.926773019115643,4,6,16
2023-06-17,2500.062779624471,4986.547348295621,9.310858767707211,5,6,17
2023-06-18,2324.556454413045,3221.7268224105096,13.656604472454037,6,6,18
2023-06-19,1403.3903385976964,4075.949660722042,0.348616197243019,0,6,19
2023-06-20,1655.0121299268033,4779.062919529712,2.173406633836766,1,6,20
2023-06-21,1757.143560455937,4398.589562709645,11.774806692200544,2,6,21
2023-06-22,1316.567399136399,1989.3924069727905,14.398165041513703,3,6,22
2023-06-23,2113.1113578390864,2802.176541240374,18.000616443579112,4,6,23
2023-06-24,1805.1944653322416,1516.6376606059798,8.749877361279097,5,6,24
2023-06-25,2656.0087747931893,4816.204109034889,20.849456583796275,6,6,25
2023-06-26,1734.762040550872,3424.69853780352,25.803671915676137,0,6,26
2023-06-27,1383.4626610828575,1914.5712220138507,23.395529666800496,1,6,27
2023-06-28,1324.1092371208008,3686.8027376234263,1.1885647604507144,2,6,28
2023-06-29,1574.23466144919,3472.512961831583,14.415208417734869,3,6,29
2023-06-30,1869.8885127016304,2432.650872131362,3.147905352545246,4,6,30
2023-07-01,1726.168841745087,1454.230368798516,7.261350475875824,5,7,1
2023-07-02,2468.759604600393,3686.2927823711984,29.599877798014397,6,7,2
2023-07-03,1249.604012242903,3081.230803615173,4.274866287045397,0,7,3
2023-07-04,1569.5354441748784,4089.273566942557,14.966644603540685,1,7,4
2023-07-05,1580.5614391176218,3080.6540044479734,18.544672029543573,2,7,5
2023-07-06,1745.347619235756,4408.726001274161,21.07394911632312,3,7,6
2023-07-07,2204.1273971368555,3207.627355097942,16.789460504607423,4,7,7
2023-07-08,1935.6903539590453,3243.751886141545,0.2931254225755098,5,7,8
2023-07-09,2275.953280087201,4506.61441063338,9.793839247319756,6,7,9
2023-07-10,1317.4210775544973,2613.9314648495883,15.531349301541344,0,7,10
2023-07-11,951.2164262348276,1536.060913802563,2.6359949743450004,1,7,11
2023-07-12,986.6696571544278,1115.130705253356,10.518807936275422,2,7,12
2023-07-13,1266.153634281766,4020.549022694476,0.9960932637409968,3,7,13
2023-07-14,1897.386589887747,3481.238205413859,2.3573549146506223,4,7,14
2023-07-15,2032.555149303044,3816.319072396894,11.907698286047882,5,7,15
2023-07-16,1674.6883420617808,1851.8566460356428,3.9814726212918106,6,7,16
2023-07-17,1117.9395411175174,1545.485902347079,17.026225447846745,0,7,17
2023-07-18,1125.0218802464055,1058.1786626715275,20.68394907411797,1,7,18
2023-07-19,1407.3328331685173,2402.350235226388,24.017600973272486,2,7,19
2023-07-20,1229.6621333354929,3359.6707474185323,6.004507327344303,3,7,20
2023-07-21,1739.7605736367227,2568.976180398929,5.024477467772092,4,7,21
2023-07-22,1676.4913745399963,2749.899688094916,3.137035210032008,5,7,22
2023-07-23,2322.616129455071,4616.634777974994,19.0929074863091,6,7,23
2023-07-24,1246.741930509692,2393.021868093201,21.194271794607037,0,7,24
2023-07-25,1082.1277955570572,3055.957956639243,0.9475843447692612,1,7,25
2023-07-26,1811.4279275178797,4134.6120509645725,28.08636738731069,2,7,26
2023-07-27,945.2274019724608,2586.1711292850805,1.5591385095441723,3,7,27
2023-07-28,1963.3264084455243,3488.346800911494,16.238890059032116,4,7,28
2023-07-29,2262.9177646697303,4449.45483498698,21.27181558352749,5,7,29
2023-07-30,2379.652019690848,4798.082494630568,26.129073712382567,6,7,30
2023-07-31,1159.5796129397324,1588.2939237161518,21.422607963972837,0,7,31
2023-08-01,1733.3799546090113,4706.350500645978,24.051842492093755,1,8,1
2023-08-02,1205.1135018092552,2968.465172318153,10.183505776284182,2,8,2
2023-08-03,1307.927371867118,2032.9775531958333,24.444753412395368,3,8,3
2023-08-04,1615.5176569462506,2836.543024953045,2.403445391540254,4,8,4
2023-08-05,2343.795714560481,4920.130301141908,26.84449968181583,5,8,5
2023-08-06,1874.650346362485,2970.4723759714784,16.42777128461209,6,8,6
2023-08-07,1375.5251280116574,2315.0064411500325,24.51893309887481,0,8,7
2023-08-08,1288.6712483321378,3533.6034172669038,13.569548535549004,1,8,8
2023-08-09,1073.0710713725982,1960.5824751127725,19.30733085589575,2,8,9
2023-08-10,1001.2036950324268,1303.4533124346558,15.792079828083397,3,8,10
2023-08-11,1646.0522712806455,1515.5188876425968,21.94768565265996,4,8,11
2023-08-12,1203.9704043374848,1512.1833558310898,2.448899460917687,5,8,12
2023-08-13,1353.3454592668302,1607.6107740491775,1.810562519716914,6,8,13
2023-08-14,800.1356648403307,1555.3086905976406,7.413097020304393,0,8,14
2023-08-15,1112.931278040758,3563.4989792128586,4.78634040339565,1,8,15
2023-08-16,1182.611876364707,1727.520337596579,26.15350699776605,2,8,16
2023-08-17,948.8100978660716,2382.669133295453,6.57641962074133,3,8,17
2023-08-18,2285.319058277575,4587.153639624047,29.275957674573934,4,8,18
2023-08-19,1609.4434018746388,2895.846561051489,10.106873753133206,5,8,19
2023-08-20,1702.8307740829964,3670.230954084109,5.463537470660978,6,8,20
2023-08-21,1083.661027721426,1689.2794848065191,23.69095521427437,0,8,21
2023-08-22,1076.2845685616917,1769.1560752346832,19.761233265026284,1,8,22
2023-08-23,881.8362590572881,1163.4744650659154,14.945871493594169,2,8,23
2023-08-24,916.4349557625912,1675.7402522886582,16.660906528128937,3,8,24
2023-08-25,1714.3057720233555,2114.3613561278344,21.576053348167918,4,8,25
2023-08-26,1308.6776756480656,1708.0419371069872,6.853642239938962,5,8,26
2023-08-27,1703.153225706276,1354.8101350282225,29.89001748170226,6,8,27
2023-08-28,1149.1235180773676,1482.5434844024032,29.24379486440349,0,8,28
2023-08-29,1283.9913475816204,2843.115072130903,19.509770590408102,1,8,29
2023-08-30,775.3997719873428,1825.33487362317,5.986273527874354,2,8,30
2023-08-31,1118.4435635221157,2457.0794441923017,20.40684727293874,3,8,31
2023-09-01,1447.7089994649457,3013.669083419428,2.1659522693752757,4,9,1
2023-09-02,1534.7661896748946,3761.579314517461,0.919575066174182,5,9,2
2023-09-03,1261.2403332421206,1157.2485593643958,7.73048665533641,6,9,3
2023-09-04,1227.593239412504,4197.641595636171,13.878688702179488,0,9,4
2023-09-05,1344.3291294888595,3511.601557963631,26.04817516225141,1,9,5
2023-09-06,899.5998268456456,1327.0361277954876,21.81507209298924,2,9,6
2023-09-07,1542.1681601716302,4494.314496427109,22.28119563599943,3,9,7
2023-09-08,1972.056753325587,4683.4896021272525,12.76480003344226,4,9,8
2023-09-09,1255.8482460719683,1244.311839419455,10.378049776408888,5,9,9
2023-09-10,1408.8003959208345,2107.5105925888147,11.13116288953808,6,9,10
2023-09-11,1570.0117191189645,4224.805119172245,29.62948691208173,0,9,11
2023-09-12,1099.9643445001018,3993.0387615346335,1.2032757423744744,1,9,12
2023-09-13,1034.7119417551462,1738.0840774255091,26.010944883673456,2,9,13
2023-09-14,961.2225965575492,1837.3972933468413,17.3602622571718,3,9,14
2023-09-15,1553.0661091959444,2481.888411165528,13.158462575687714,4,9,15
2023-09-16,1751.3233418719533,2938.0919407640854,21.75772981245409,5,9,16
2023-09-17,1703.0316732559784,3473.019086121184,14.600068242741086,6,9,17
2023-09-18,1253.7808293676856,2475.654558279089,26.202697142449814,0,9,18
2023-09-19,1145.169853616954,2850.1388645325915,27.021055920337755,1,9,19
2023-09-20,1261.9471715986945,3989.8837525350255,12.651627806203663,2,9,20
2023-09-21,639.8497664548499,1146.7328115623916,8.304833917051548,3,9,21
2023-09-22,1404.2737978855628,2009.747777376083,17.770509857800867,4,9,22
2023-09-23,1996.5013396221557,3853.3983435382097,27.370900368500727,5,9,23
2023-09-24,1804.38220916596,4580.8273507487975,6.319865670169998,6,9,24
2023-09-25,1163.5631746521494,3046.709768462664,18.688997506904485,0,9,25
2023-09-26,1236.55102695659,3128.4539410612624,18.946806602775617,1,9,26
2023-09-27,1034.1476904178476,1428.6880453591043,21.99339067245843,2,9,27
2023-09-28,942.937466394008,2789.649467293819,3.947030553817794,3,9,28
2023-09-29,1833.092251300881,3130.4690658200925,21.474748940462657,4,9,29
2023-09-30,1691.6560037412924,1969.8820145389184,27.27097561996923,5,9,30
2023-10-01,1305.4151271184571,2076.972923797524,5.390493266107259,6,10,1
2023-10-02,807.2404426231753,2509.1366524184905,7.126299747716329,0,10,2
2023-10-03,1009.1993818170432,1080.2847911109054,29.141852821249188,1,10,3
2023-10-04,781.5175830897231,2288.3166623327133,5.429308581284693,2,10,4
2023-10-05,1202.7049943955956,1845.7920279861787,25.631552801087373,3,10,5
2023-10-06,1501.932406747838,2309.9894087116586,14.768335693441044,4,10,6
2023-10-07,1253.7886761999516,1479.0485272770047,7.416932232095311,5,10,7
2023-10-08,2118.1014656132947,4562.10912295958,26.122497038175343,6,10,8
2023-10-09,1153.541281300293,3374.3698142161948,13.359157650079965,0,10,9
2023-10-10,1331.6960962324465,3716.4092765779583,15.444520617890706,1,10,10
2023-10-11,1213.220222465693,4156.684954429353,10.777001081992973,2,10,11
2023-10-12,1179.14056184054,2993.768795716229,17.78852554304782,3,10,12
2023-10-13,1165.6764848350192,1347.681152349695,4.905716177550684,4,10,13
2023-10-14,1561.7812251178134,3148.426167274191,11.73244609955282,5,10,14
2023-10-15,1930.4518476225076,3347.3644720835164,29.082369670058625,6,10,15
2023-10-16,1175.1647832569136,3981.75789673732,7.744002981033827,0,10,16
2023-10-17,1149.9051518410006,2726.6381849187173,19.702099936238767,1,10,17
2023-10-18,764.9842270072338,1510.321211182255,9.755701926740846,2,10,18
2023-10-19,1067.3883789515155,2135.103623194898,23.20419377059802,3,10,19
2023-10-20,1401.8239492462135,2452.3291855945404,3.926209821550495,4,10,20
2023-10-21,1956.082847822341,3583.6689653264048,29.09463135235634,5,10,21
2023-10-22,1760.7032881066852,3283.113218675648,13.613686241509178,6,10,22
2023-10-23,931.6716712263056,2424.386903591385,7.081513900393919,0,10,23
2023-10-24,1202.5351438191503,4946.060995171919,2.20490241990038,1,10,24
2023-10-25,1055.714692104255,3423.0992774275487,5.092737152626222,2,10,25
2023-10-26,967.2892268137384,1948.907166943978,15.59321845668053,3,10,26
2023-10-27,1393.2797981324895,1407.129890481615,10.110095292938588,4,10,27
2023-10-28,1737.0124114965993,1611.436556737328,24.866500976478285,5,10,28
2023-10-29,1443.1564370076703,1983.8309135380323,12.92662570985418,6,10,29
2023-10-30,839.5686979870222,1642.7254930382228,7.461428177628897,0,10,30
2023-10-31,1036.5746107457912,1746.2680962052232,18.5143495981209,1,10,31
2023-11-01,1195.8527061343132,2140.3806747753883,21.20331650656337,2,11,1
2023-11-02,827.111629707694,1693.4943811790197,5.011257237028496,3,11,2
2023-11-03,1843.9710508321916,4587.0616985057,5.02857648864953,4,11,3
2023-11-04,1254.3844432120168,1320.9349826465689,1.1001428080062892,5,11,4
2023-11-05,1897.0126279230349,3098.0455582810187,22.09206045196921,6,11,5
2023-11-06,1307.140676211382,2641.5873079586463,19.914135828654157,0,11,6
2023-11-07,1550.969543386656,4929.514467634426,14.238926272494416,1,11,7
2023-11-08,1250.718400448021,1448.1556086722094,25.325113469075912,2,11,8
2023-11-09,1332.685131214468,2591.4223961829666,24.170104588501594,3,11,9
2023-11-10,2170.592269518604,4877.881733101475,17.560630931902566,4,11,10
2023-11-11,2213.993324328816,4462.028503575921,26.04813841539776,5,11,11
2023-11-12,1838.2402663072853,4268.288283797119,6.175236301103047,6,11,12
2023-11-13,833.8176819290406,2031.6113081797596,3.3575885819318363,0,11,13
2023-11-14,954.9381199704555,1683.5503495602634,8.092488345509688,1,11,14
2023-11-15,1202.3075864043028,3674.572879697724,1.7126056826794456,2,11,15
2023-11-16,1523.4503966772174,4717.503956510343,15.93508584003096,3,11,16
2023-11-17,2221.3948858451813,3227.051572055719,28.09817076884885,4,11,17
2023-11-18,1715.1419338379235,3286.450757879599,1.1803062200552894,5,11,18
2023-11-19,1602.423179121093,2119.916374641137,3.663297420300804,6,11,19
2023-11-20,1564.0526091882855,4077.971732767748,13.565970848503058,0,11,20
2023-11-21,1387.645464851005,1748.1749942300935,28.016250525837147,1,11,21
2023-11-22,1114.181285754672,2294.716945616975,9.484683149302516,2,11,22
2023-11-23,1257.3311972413037,2701.7457544656672,15.217044260651774,3,11,23
2023-11-24,1657.3380012927971,3030.4415147378204,1.247185771511763,4,11,24
2023-11-25,1615.8171453548923,1969.638929660321,4.450296028862666,5,11,25
2023-11-26,1994.8813402174892,1459.347298956814,29.598903688765407,6,11,26
2023-11-27,1644.0297422796618,3442.4801697665303,28.953560893081367,0,11,27
2023-11-28,986.9368408505516,2154.522212961023,0.1481994280322884,1,11,28
2023-11-29,1687.294682320686,3324.952885690449,28.55435356269717,2,11,29
2023-11-30,1232.1257305657614,1617.4508610968091,19.17359813446501,3,11,30
2023-12-01,2222.1334153236658,2924.5604074192697,26.037548835600663,4,12,1
2023-12-02,2099.679354524804,3130.357730206344,13.642195669015774,5,12,2
2023-12-03,1831.903755192298,1207.2941472897076,15.467880857377509,6,12,3
2023-12-04,1270.348007616258,2346.4171127756827,14.665397407707603,0,12,4
2023-12-05,1358.386812489984,1537.658707755897,20.00592772638313,1,12,5
2023-12-06,974.6268148805646,1253.499881891071,4.189537642689388,2,12,6
2023-12-07,1560.720779217978,4959.840929559781,0.8992076961803386,3,12,7
2023-12-08,1988.4524861803184,2289.415379898892,9.237898247735728,4,12,8
2023-12-09,2510.819430516376,4239.497783418539,21.1404228820994,5,12,9
2023-12-10,1927.9184225116364,2018.5626190550556,6.055603563688451,6,12,10
2023-12-11,1730.9252247262011,3726.010888895717,20.20297299974752,0,12,11
2023-12-12,1900.035074795587,4040.911439558746,29.097361383218114,1,12,12
2023-12-13,1399.50661555708,3382.554962431377,2.8170214736825514,2,12,13
2023-12-14,1545.3054039054111,2886.3047542006334,20.178063546753787,3,12,14
2023-12-15,2185.2826142269246,2647.363656589074,13.312506579137134,4,12,15
2023-12-16,2366.460904590072,2395.4730661719814,26.04426763132516,5,12,16
2023-12-17,2412.1664902768275,4718.116576991303,5.314493683421578,6,12,17
2023-12-18,1887.999052662336,4322.477631150917,20.778778566784936,0,12,18
2023-12-19,1975.3926382813115,4860.10764266605,25.143458689443307,1,12,19
2023-12-20,1537.232618450107,1497.188893942179,28.3384265842207,2,12,20
2023-12-21,1856.289673920244,3923.469900814577,20.497440848689376,3,12,21
2023-12-22,2672.2939103573267,4753.361827284151,14.91524292025282,4,12,22
2023-12-23,2176.745145801773,1724.9322646626406,18.535417206036414,5,12,23
2023-12-24,2356.651667911445,1265.98506946711,26.067149534361548,6,12,24
2023-12-25,1797.6787583156067,3964.482597160236,17.11829239916489,0,12,25
2023-12-26,1510.881258997415,3297.892452719648,0.9116117909051058,1,12,26
2023-12-27,2134.65137765696,4367.315107033088,27.92846086520933,2,12,27
2023-12-28,1492.639378780517,1559.089506505158,20.685802530946837,3,12,28
2023-12-29,2851.30583705798,4181.069247439561,20.295401573317395,4,12,29
2023-12-30,2080.681066931509,1806.5092801909784,6.470254571931515,5,12,30
2023-12-31,2401.8864818162706,1654.623771462818,19.766564106979715,6,12,31
